"id";"hostSrc";"hostDest";"portSrc";"portDest";"protocol"
1;"131.243.63.143";"239.255.255.253";63514;427;"UDP"
2;"131.243.155.35";"170.138.112.37";1667;993;"TCP"
3;"131.243.146.115";"239.255.255.253";51340;427;"UDP"
4;"170.138.112.37";"131.243.155.35";993;1667;"TCP"
5;"128.3.189.127";"239.255.255.253";51796;427;"UDP"
6;"131.243.141.160";"224.0.1.22";1026;427;"UDP"
7;"131.243.106.61";"239.255.255.253";49174;427;"UDP"
8;"131.243.127.47";"239.255.255.253";49169;427;"UDP"
9;"131.243.61.70";"239.255.255.253";51594;427;"UDP"
10;"128.3.161.46";"131.243.155.240";2145;161;"UDP"
11;"131.243.155.113";"131.243.155.255";138;138;"UDP"
12;"131.243.234.187";"239.255.255.253";56972;427;"UDP"
13;"128.3.209.107";"239.255.255.253";51068;427;"UDP"
14;"128.3.96.230";"131.243.155.152";3542;161;"UDP"
15;"131.243.155.152";"128.3.96.230";161;2732;"UDP"
16;"131.243.94.195";"239.255.255.253";64302;427;"UDP"
17;"131.243.103.13";"239.255.255.253";54147;427;"UDP"
18;"131.243.155.227";"128.3.161.22";515;995;"TCP"
19;"128.3.161.46";"131.243.155.240";2138;161;"UDP"
20;"131.243.155.227";"128.3.161.22";515;999;"TCP"
21;"131.243.103.13";"239.255.255.253";54227;427;"UDP"
22;"131.243.103.13";"239.255.255.253";54141;427;"UDP"
23;"131.243.94.204";"239.255.255.253";50511;427;"UDP"
24;"131.243.61.187";"239.255.255.253";60943;427;"UDP"
25;"131.243.144.172";"131.243.155.227";1205;161;"UDP"
26;"131.243.103.13";"239.255.255.253";54152;427;"UDP"
27;"131.243.94.195";"239.255.255.253";64322;427;"UDP"
28;"131.243.61.70";"239.255.255.253";51597;427;"UDP"
29;"128.3.209.201";"239.255.255.253";51027;427;"UDP"
30;"128.3.112.36";"239.255.255.253";53425;427;"UDP"
31;"128.3.161.230";"131.243.155.113";524;1038;"TCP"
32;"131.243.94.195";"239.255.255.253";64268;427;"UDP"
33;"131.243.61.187";"239.255.255.253";61015;427;"UDP"
34;"131.243.155.35";"59.223.55.73";1691;80;"TCP"
35;"131.243.219.153";"224.0.1.22";1025;427;"UDP"
36;"131.243.94.195";"239.255.255.253";64303;427;"UDP"
37;"131.243.88.202";"239.255.255.253";49572;427;"UDP"
38;"131.243.94.204";"239.255.255.253";50464;427;"UDP"
39;"131.243.155.35";"208.201.173.240";1673;80;"TCP"
40;"131.243.61.187";"239.255.255.253";60960;427;"UDP"
41;"131.243.155.174";"128.3.164.194";1082;993;"TCP"
42;"131.243.94.204";"239.255.255.253";50484;427;"UDP"
43;"131.243.103.13";"239.255.255.253";54155;427;"UDP"
44;"59.223.13.123";"131.243.155.35";80;1695;"TCP"
45;"131.243.155.125";"128.3.161.182";138;138;"UDP"
46;"131.243.155.174";"131.243.140.105";1038;524;"TCP"
47;"131.243.219.216";"131.243.155.113";137;137;"UDP"
48;"131.243.107.4";"239.255.255.253";49194;427;"UDP"
49;"131.243.144.171";"239.255.255.253";54063;427;"UDP"
50;"131.243.155.21";"131.243.94.204";427;50482;"UDP"
51;"128.3.161.46";"131.243.155.227";2080;161;"UDP"
52;"128.3.188.198";"239.255.255.253";49655;427;"UDP"
53;"128.3.161.46";"131.243.155.240";2126;161;"UDP"
54;"128.3.161.182";"131.243.155.125";138;138;"UDP"
55;"131.243.155.178";"131.243.141.187";2809;524;"TCP"
56;"131.243.100.120";"239.255.255.253";61416;427;"UDP"
57;"128.3.164.15";"131.243.155.113";993;1510;"TCP"
58;"128.3.161.46";"131.243.155.227";2087;161;"UDP"
59;"131.243.155.37";"128.3.208.31";3572;445;"TCP"
60;"131.243.89.138";"239.255.255.253";49537;427;"UDP"
61;"128.3.161.46";"131.243.155.240";2141;161;"UDP"
62;"131.243.94.195";"239.255.255.253";64280;427;"UDP"
63;"128.3.208.188";"239.255.255.253";52664;427;"UDP"
64;"131.243.155.113";"128.3.161.46";1711;3396;"TCP"
65;"128.3.208.18";"224.0.1.22";1027;427;"UDP"
66;"131.243.61.70";"239.255.255.253";51616;427;"UDP"
67;"131.243.103.13";"239.255.255.253";54140;427;"UDP"
68;"131.243.61.187";"239.255.255.253";60938;427;"UDP"
69;"128.3.208.24";"239.255.255.253";49342;427;"UDP"
70;"131.243.155.83";"128.3.161.98";1039;524;"TCP"
71;"128.3.242.56";"239.255.255.253";63284;427;"UDP"
72;"131.243.63.143";"239.255.255.253";63497;427;"UDP"
73;"128.3.112.36";"239.255.255.253";53421;427;"UDP"
74;"131.243.103.13";"239.255.255.253";54185;427;"UDP"
75;"128.3.161.22";"131.243.155.227";930;515;"TCP"
76;"131.243.155.78";"128.3.188.31";139;4191;"TCP"
77;"131.243.95.248";"224.0.1.60";427;427;"UDP"
78;"131.243.124.10";"239.255.255.253";50388;427;"UDP"
79;"131.243.103.106";"239.255.255.253";55990;427;"UDP"
80;"128.3.161.46";"131.243.155.113";3396;1711;"TCP"
81;"128.3.161.98";"131.243.155.33";524;1035;"TCP"
82;"131.243.89.80";"239.255.255.253";64297;427;"UDP"
83;"131.243.155.174";"131.243.155.255";138;138;"UDP"
84;"59.223.4.149";"131.243.155.35";80;1697;"TCP"
85;"131.243.155.21";"131.243.94.204";427;50465;"UDP"
86;"131.243.155.21";"131.243.94.204";427;50467;"UDP"
87;"131.243.155.21";"131.243.94.204";427;50463;"UDP"
88;"128.3.193.56";"239.255.255.253";49988;427;"UDP"
89;"198.129.88.104";"239.255.255.250";1900;1900;"UDP"
90;"131.243.62.209";"131.243.155.227";1277;161;"UDP"
91;"128.3.161.46";"131.243.155.113";3396;1710;"TCP"
92;"131.243.94.204";"239.255.255.253";50509;427;"UDP"
93;"131.243.144.23";"239.255.255.253";51900;427;"UDP"
94;"131.243.61.187";"239.255.255.253";60935;427;"UDP"
95;"131.243.155.83";"128.55.157.218";138;138;"UDP"
96;"131.243.155.78";"128.3.161.223";3478;139;"TCP"
97;"131.243.14.250";"239.255.255.253";58394;427;"UDP"
98;"131.243.155.227";"128.3.161.252";161;1031;"UDP"
99;"131.243.155.20";"128.3.161.46";515;938;"TCP"
100;"131.243.155.20";"128.3.161.46";515;939;"TCP"
101;"128.3.242.52";"239.255.255.253";62056;427;"UDP"
102;"218.131.115.51";"131.243.155.250";80;1084;"TCP"
103;"131.243.94.195";"239.255.255.253";64286;427;"UDP"
104;"131.243.61.187";"239.255.255.253";61014;427;"UDP"
105;"131.243.61.70";"239.255.255.253";51624;427;"UDP"
106;"128.3.161.46";"131.243.155.113";3396;1706;"TCP"
107;"128.3.161.46";"131.243.155.113";3396;1707;"TCP"
108;"128.3.161.46";"131.243.155.113";3396;1704;"TCP"
109;"128.3.161.46";"131.243.155.113";3396;1705;"TCP"
110;"128.3.161.46";"131.243.155.113";3396;1702;"TCP"
111;"128.3.161.46";"131.243.155.113";3396;1703;"TCP"
112;"128.3.161.46";"131.243.155.113";3396;1700;"TCP"
113;"128.3.161.46";"131.243.155.113";3396;1701;"TCP"
114;"131.243.61.187";"239.255.255.253";60977;427;"UDP"
115;"131.243.155.125";"128.55.157.218";138;138;"UDP"
116;"131.243.61.187";"239.255.255.253";61041;427;"UDP"
117;"131.243.94.126";"239.255.255.253";49164;427;"UDP"
118;"128.3.161.46";"131.243.155.227";2083;161;"UDP"
119;"131.243.155.35";"59.223.4.149";1685;80;"TCP"
120;"131.243.61.187";"239.255.255.253";60973;427;"UDP"
121;"131.243.146.84";"239.255.255.253";50004;427;"UDP"
122;"131.243.100.120";"239.255.255.253";61414;427;"UDP"
123;"128.3.161.22";"131.243.155.227";924;515;"TCP"
124;"128.3.161.197";"131.243.155.178";445;3520;"TCP"
125;"128.3.48.239";"224.0.1.22";1033;427;"UDP"
126;"131.243.103.13";"239.255.255.253";54230;427;"UDP"
127;"128.3.194.200";"239.255.255.253";57304;427;"UDP"
128;"131.243.103.106";"239.255.255.253";55991;427;"UDP"
129;"128.3.188.198";"239.255.255.253";49654;427;"UDP"
130;"131.243.155.113";"128.3.161.46";1702;3396;"TCP"
131;"128.3.39.162";"239.255.255.253";60443;427;"UDP"
132;"131.243.147.72";"239.255.255.253";49827;427;"UDP"
133;"131.243.61.70";"239.255.255.253";51596;427;"UDP"
134;"131.243.94.195";"239.255.255.253";64281;427;"UDP"
135;"131.243.155.152";"128.3.96.230";161;1990;"UDP"
136;"131.243.91.224";"239.255.255.253";52503;427;"UDP"
137;"128.3.161.46";"131.243.155.240";2146;161;"UDP"
138;"131.243.141.85";"224.0.1.22";1028;427;"UDP"
139;"131.243.103.13";"239.255.255.253";54172;427;"UDP"
140;"128.3.210.36";"239.255.255.253";51010;427;"UDP"
141;"131.243.94.195";"239.255.255.253";64296;427;"UDP"
142;"131.243.155.174";"128.3.161.98";1040;524;"TCP"
143;"131.243.61.187";"239.255.255.253";60974;427;"UDP"
144;"131.243.140.213";"224.0.1.22";1040;427;"UDP"
145;"131.243.103.106";"239.255.255.253";55988;427;"UDP"
146;"131.243.155.146";"131.243.155.255";138;138;"UDP"
147;"131.243.155.227";"128.3.161.252";515;896;"TCP"
148;"128.3.191.173";"239.255.255.253";55294;427;"UDP"
149;"131.243.155.21";"131.243.63.39";427;58885;"UDP"
150;"131.243.155.250";"208.189.202.205";1102;80;"TCP"
151;"131.243.155.227";"131.243.144.172";161;1209;"UDP"
152;"131.243.155.227";"131.243.144.172";161;1208;"UDP"
153;"128.3.112.36";"239.255.255.253";53420;427;"UDP"
154;"131.243.155.227";"131.243.144.172";161;1205;"UDP"
155;"131.243.105.45";"239.255.255.253";49232;427;"UDP"
156;"131.243.155.227";"131.243.144.172";161;1207;"UDP"
157;"131.243.155.35";"208.201.173.240";1671;80;"TCP"
158;"131.243.93.124";"239.255.255.253";52721;427;"UDP"
159;"131.243.155.227";"131.243.144.172";161;1202;"UDP"
160;"128.3.39.69";"239.255.255.253";50584;427;"UDP"
161;"128.3.161.46";"131.243.155.227";2067;161;"UDP"
162;"128.3.112.63";"239.255.255.253";54082;427;"UDP"
163;"128.3.210.128";"239.255.255.253";49184;427;"UDP"
164;"128.3.5.67";"239.255.255.253";49559;427;"UDP"
165;"131.243.155.240";"128.3.161.46";161;2145;"UDP"
166;"131.243.155.240";"128.3.161.46";161;2146;"UDP"
167;"131.243.155.240";"128.3.161.46";161;2140;"UDP"
168;"131.243.155.240";"128.3.161.46";161;2141;"UDP"
169;"131.243.155.240";"128.3.161.46";161;2142;"UDP"
170;"131.243.155.240";"128.3.161.46";161;2143;"UDP"
171;"131.243.103.13";"239.255.255.253";54168;427;"UDP"
172;"131.243.92.161";"239.255.255.253";51047;427;"UDP"
173;"131.243.62.209";"131.243.155.227";1278;161;"UDP"
174;"131.243.103.106";"239.255.255.253";55974;427;"UDP"
175;"128.3.4.44";"239.255.255.253";49172;427;"UDP"
176;"128.3.208.24";"239.255.255.253";49374;427;"UDP"
177;"131.243.155.250";"128.3.161.46";1096;3396;"TCP"
178;"131.243.94.195";"239.255.255.253";64307;427;"UDP"
179;"128.3.161.46";"131.243.155.20";940;515;"TCP"
180;"131.243.63.143";"239.255.255.253";63486;427;"UDP"
181;"128.3.242.56";"239.255.255.253";63283;427;"UDP"
182;"131.243.155.35";"59.223.8.114";1693;80;"TCP"
183;"131.243.155.178";"128.3.161.197";139;2440;"TCP"
184;"131.243.91.100";"239.255.255.253";53492;427;"UDP"
185;"128.3.39.69";"239.255.255.253";50585;427;"UDP"
186;"128.3.161.46";"131.243.155.227";2062;161;"UDP"
187;"131.243.105.45";"239.255.255.253";49233;427;"UDP"
188;"131.243.155.250";"218.131.115.53";1100;80;"TCP"
189;"131.243.94.195";"239.255.255.253";64320;427;"UDP"
190;"131.243.94.195";"239.255.255.253";64284;427;"UDP"
191;"131.243.146.16";"239.255.255.253";53197;427;"UDP"
192;"131.243.155.83";"131.243.219.216";137;137;"UDP"
193;"131.243.101.105";"239.255.255.253";63822;427;"UDP"
194;"131.243.155.35";"59.223.8.114";1687;80;"TCP"
195;"131.243.103.13";"239.255.255.253";54129;427;"UDP"
196;"131.243.106.81";"239.255.255.253";49441;427;"UDP"
197;"131.243.90.129";"239.255.255.253";58563;427;"UDP"
198;"131.243.170.163";"239.255.255.253";49171;427;"UDP"
199;"131.243.88.135";"239.255.255.253";49183;427;"UDP"
200;"131.243.61.187";"239.255.255.253";60980;427;"UDP"
201;"131.243.219.42";"239.255.255.253";49780;427;"UDP"
202;"131.243.155.250";"193.116.32.109";1099;80;"TCP"
203;"131.243.61.70";"239.255.255.253";51592;427;"UDP"
204;"131.243.155.227";"128.3.161.22";515;986;"TCP"
205;"131.243.155.35";"208.201.173.240";1681;80;"TCP"
206;"131.243.61.187";"239.255.255.253";60948;427;"UDP"
207;"131.243.61.187";"239.255.255.253";61044;427;"UDP"
208;"128.3.211.7";"239.255.255.253";50009;427;"UDP"
209;"131.243.61.70";"239.255.255.253";51636;427;"UDP"
210;"128.3.63.83";"239.255.255.253";49337;427;"UDP"
211;"131.243.155.227";"128.3.161.22";515;930;"TCP"
212;"128.3.161.46";"131.243.155.240";2129;161;"UDP"
213;"128.3.97.204";"131.243.155.37";123;123;"UDP"
214;"128.3.208.188";"239.255.255.253";52695;427;"UDP"
215;"131.243.15.92";"239.255.255.253";49557;427;"UDP"
216;"131.243.106.81";"239.255.255.253";49442;427;"UDP"
217;"128.3.112.162";"239.255.255.253";58882;427;"UDP"
218;"131.243.61.187";"239.255.255.253";60970;427;"UDP"
219;"128.3.6.162";"239.255.255.253";51774;427;"UDP"
220;"131.243.62.209";"131.243.155.227";1271;161;"UDP"
221;"131.243.61.70";"239.255.255.253";51589;427;"UDP"
222;"131.243.15.9";"239.255.255.253";49816;427;"UDP"
223;"131.243.141.204";"224.0.1.22";1036;427;"UDP"
224;"131.243.63.143";"239.255.255.253";63559;427;"UDP"
225;"131.243.100.155";"224.0.1.22";1025;427;"UDP"
226;"131.243.155.35";"208.201.173.240";1679;80;"TCP"
227;"128.3.161.46";"131.243.155.240";2136;161;"UDP"
228;"131.243.142.214";"239.255.255.253";427;427;"UDP"
229;"131.243.232.211";"239.255.255.253";56456;427;"UDP"
230;"131.243.94.195";"239.255.255.253";64273;427;"UDP"
231;"131.243.155.83";"131.243.140.105";1043;524;"TCP"
232;"128.3.210.223";"131.243.155.83";138;138;"UDP"
233;"131.243.103.106";"239.255.255.253";55979;427;"UDP"
234;"128.3.191.81";"239.255.255.253";56890;427;"UDP"
235;"131.243.94.195";"239.255.255.253";64279;427;"UDP"
236;"131.243.155.78";"128.3.161.223";3477;139;"TCP"
237;"131.243.141.187";"224.0.1.22";427;427;"UDP"
238;"128.3.191.103";"239.255.255.253";49438;427;"UDP"
239;"131.243.103.106";"239.255.255.253";55981;427;"UDP"
240;"128.3.209.68";"239.255.255.253";50449;427;"UDP"
241;"128.3.6.162";"239.255.255.253";51776;427;"UDP"
242;"131.243.144.223";"239.255.255.253";54694;427;"UDP"
243;"131.243.155.21";"131.243.94.204";427;50494;"UDP"
244;"128.3.208.188";"239.255.255.253";52697;427;"UDP"
245;"131.243.155.35";"170.138.112.62";113;63893;"TCP"
246;"128.3.209.222";"239.255.255.253";49207;427;"UDP"
247;"131.243.61.187";"239.255.255.253";60934;427;"UDP"
248;"131.243.61.187";"239.255.255.253";60941;427;"UDP"
249;"131.243.155.113";"128.3.161.98";1043;524;"TCP"
250;"131.243.61.70";"239.255.255.253";51609;427;"UDP"
251;"131.243.155.113";"128.3.161.46";1718;3396;"TCP"
252;"131.243.61.187";"239.255.255.253";60988;427;"UDP"
253;"128.3.242.52";"239.255.255.253";62054;427;"UDP"
254;"208.201.173.240";"131.243.155.35";80;1682;"TCP"
255;"208.201.173.240";"131.243.155.35";80;1681;"TCP"
256;"208.201.173.240";"131.243.155.35";80;1680;"TCP"
257;"131.243.61.70";"239.255.255.253";51610;427;"UDP"
258;"213.221.231.81";"131.243.155.152";4096;1027;"UDP"
259;"128.3.161.46";"131.243.155.240";2128;161;"UDP"
260;"131.243.60.244";"239.255.255.253";63252;427;"UDP"
261;"128.3.161.74";"131.243.155.250";524;1026;"TCP"
262;"131.243.155.178";"131.243.155.255";138;138;"UDP"
263;"128.3.211.215";"239.255.255.253";55668;427;"UDP"
264;"204.116.36.227";"131.243.155.125";80;4840;"TCP"
265;"131.243.146.180";"239.255.255.253";54528;427;"UDP"
266;"198.129.91.44";"239.255.255.253";49154;427;"UDP"
267;"131.243.61.70";"239.255.255.253";51590;427;"UDP"
268;"131.243.94.195";"239.255.255.253";64325;427;"UDP"
269;"131.243.63.143";"239.255.255.253";63481;427;"UDP"
270;"131.243.155.21";"131.243.94.204";427;50472;"UDP"
271;"131.243.147.43";"239.255.255.253";49178;427;"UDP"
272;"131.243.170.99";"239.255.255.253";59132;427;"UDP"
273;"131.243.155.37";"131.243.155.255";138;138;"UDP"
274;"128.3.191.81";"239.255.255.253";56892;427;"UDP"
275;"131.243.10.34";"239.255.255.253";53317;427;"UDP"
276;"131.243.61.187";"239.255.255.253";60981;427;"UDP"
277;"131.243.155.83";"131.243.141.187";1045;524;"TCP"
278;"131.243.155.35";"207.235.214.252";1696;80;"TCP"
279;"131.243.103.13";"239.255.255.253";54191;427;"UDP"
280;"131.243.143.136";"224.0.1.22";1038;427;"UDP"
281;"131.243.94.204";"239.255.255.253";50480;427;"UDP"
282;"131.243.63.39";"239.255.255.253";58882;427;"UDP"
283;"131.243.91.224";"239.255.255.253";52504;427;"UDP"
284;"131.243.141.244";"224.0.1.22";1058;427;"UDP"
285;"131.243.103.106";"239.255.255.253";55989;427;"UDP"
286;"208.189.202.205";"131.243.155.250";80;1098;"TCP"
287;"131.243.155.113";"128.3.161.46";1717;3396;"TCP"
288;"208.189.202.205";"131.243.155.250";80;1097;"TCP"
289;"131.243.143.142";"239.255.255.253";427;427;"UDP"
290;"131.243.62.209";"131.243.155.227";1279;161;"UDP"
291;"128.3.161.46";"131.243.155.113";3396;1713;"TCP"
292;"128.3.161.46";"131.243.155.113";3396;1712;"TCP"
293;"128.3.161.46";"131.243.155.113";3396;1715;"TCP"
294;"128.3.194.247";"239.255.255.253";49200;427;"UDP"
295;"128.3.161.46";"131.243.155.113";3396;1717;"TCP"
296;"128.3.161.46";"131.243.155.113";3396;1716;"TCP"
297;"128.3.37.175";"239.255.255.253";50851;427;"UDP"
298;"131.243.155.240";"128.3.161.46";161;2139;"UDP"
299;"128.3.191.53";"239.255.255.253";63078;427;"UDP"
300;"131.243.155.227";"128.3.161.46";161;2080;"UDP"
301;"131.243.155.227";"128.3.161.46";161;2081;"UDP"
302;"131.243.155.227";"128.3.161.46";161;2082;"UDP"
303;"131.243.155.227";"128.3.161.46";161;2083;"UDP"
304;"131.243.155.227";"128.3.161.46";161;2084;"UDP"
305;"131.243.155.227";"128.3.161.46";161;2085;"UDP"
306;"131.243.155.227";"128.3.161.46";161;2086;"UDP"
307;"131.243.155.227";"128.3.161.46";161;2087;"UDP"
308;"131.243.155.227";"128.3.161.46";161;2088;"UDP"
309;"128.3.161.46";"131.243.155.20";944;515;"TCP"
310;"131.243.94.195";"239.255.255.253";64267;427;"UDP"
311;"131.243.144.172";"131.243.155.227";1204;161;"UDP"
312;"131.243.103.181";"239.255.255.253";50658;427;"UDP"
313;"131.243.61.70";"239.255.255.253";51638;427;"UDP"
314;"128.3.161.197";"131.243.155.178";2440;139;"TCP"
315;"131.243.155.21";"131.243.94.204";427;50487;"UDP"
316;"131.243.155.227";"128.3.161.252";515;817;"TCP"
317;"131.243.144.172";"131.243.155.227";1206;161;"UDP"
318;"131.243.63.143";"239.255.255.253";63494;427;"UDP"
319;"131.243.13.111";"239.255.255.253";50619;427;"UDP"
320;"128.3.39.69";"239.255.255.253";50540;427;"UDP"
321;"128.3.191.130";"239.255.255.253";59487;427;"UDP"
322;"131.243.61.187";"239.255.255.253";60993;427;"UDP"
323;"131.243.155.113";"128.3.161.46";1708;3396;"TCP"
324;"131.243.107.131";"239.255.255.253";49475;427;"UDP"
325;"131.243.144.105";"239.255.255.253";57065;427;"UDP"
326;"128.3.112.223";"239.255.255.253";56615;427;"UDP"
327;"131.243.145.135";"239.255.255.253";58808;427;"UDP"
328;"131.243.61.187";"239.255.255.253";60978;427;"UDP"
329;"128.3.161.252";"131.243.155.227";896;515;"TCP"
330;"128.3.7.36";"239.255.255.253";49168;427;"UDP"
331;"131.243.102.82";"239.255.255.253";62157;427;"UDP"
332;"131.243.141.79";"224.0.1.22";1053;427;"UDP"
333;"131.243.144.105";"239.255.255.253";57066;427;"UDP"
334;"131.243.91.224";"239.255.255.253";52501;427;"UDP"
335;"131.243.103.13";"239.255.255.253";54188;427;"UDP"
336;"131.243.101.100";"239.255.255.253";49200;427;"UDP"
337;"131.243.146.115";"239.255.255.253";51339;427;"UDP"
338;"131.243.155.35";"170.138.112.37";1665;993;"TCP"
339;"131.243.155.125";"204.116.20.80";4838;80;"TCP"
340;"128.3.96.230";"131.243.155.152";4438;161;"UDP"
341;"128.3.161.46";"131.243.155.227";2082;161;"UDP"
342;"128.3.242.93";"239.255.255.253";65002;427;"UDP"
343;"131.243.15.9";"239.255.255.253";49817;427;"UDP"
344;"128.3.37.175";"239.255.255.253";50852;427;"UDP"
345;"131.243.155.21";"131.243.146.180";427;54533;"UDP"
346;"131.243.103.13";"239.255.255.253";54175;427;"UDP"
347;"131.243.60.244";"239.255.255.253";63253;427;"UDP"
348;"131.243.143.142";"224.0.1.22";427;427;"UDP"
349;"128.3.112.36";"239.255.255.253";53424;427;"UDP"
350;"128.3.161.46";"131.243.155.20";938;515;"TCP"
351;"131.243.155.113";"128.3.161.46";1712;3396;"TCP"
352;"131.243.219.42";"239.255.255.253";49781;427;"UDP"
353;"193.116.32.109";"131.243.155.250";80;1099;"TCP"
354;"131.243.91.224";"239.255.255.253";52500;427;"UDP"
355;"131.243.88.34";"239.255.255.253";64842;427;"UDP"
356;"131.243.61.70";"239.255.255.253";51587;427;"UDP"
357;"131.243.155.125";"128.3.210.223";138;138;"UDP"
358;"131.243.61.187";"239.255.255.253";60971;427;"UDP"
359;"131.243.155.250";"208.189.202.205";1098;80;"TCP"
360;"131.243.103.13";"239.255.255.253";54211;427;"UDP"
361;"131.243.155.227";"128.3.161.46";161;2067;"UDP"
362;"131.243.155.227";"128.3.161.252";515;776;"TCP"
363;"128.3.208.188";"239.255.255.253";52699;427;"UDP"
364;"131.243.203.214";"239.255.255.253";52910;427;"UDP"
365;"131.243.155.227";"128.3.161.22";515;914;"TCP"
366;"128.3.255.139";"224.0.1.22";427;427;"UDP"
367;"131.243.61.187";"239.255.255.253";60944;427;"UDP"
368;"131.243.155.174";"128.3.161.62";2967;1056;"UDP"
369;"131.243.90.52";"239.255.255.253";52107;427;"UDP"
370;"131.243.143.70";"224.0.1.22";1049;427;"UDP"
371;"128.3.19.103";"224.0.1.22";1044;427;"UDP"
372;"131.243.155.35";"59.223.8.114";1701;80;"TCP"
373;"131.243.100.12";"239.255.255.253";58789;427;"UDP"
374;"131.243.62.209";"131.243.155.227";1275;161;"UDP"
375;"128.3.161.252";"131.243.155.227";995;515;"TCP"
376;"128.3.161.223";"131.243.155.83";138;138;"UDP"
377;"131.243.93.106";"239.255.255.253";63526;427;"UDP"
378;"131.243.155.250";"218.131.115.53";1041;80;"TCP"
379;"131.243.61.187";"239.255.255.253";61000;427;"UDP"
380;"131.243.94.195";"239.255.255.253";64312;427;"UDP"
381;"131.243.94.195";"239.255.255.253";64283;427;"UDP"
382;"131.243.155.33";"128.3.164.194";1147;993;"TCP"
383;"131.243.155.83";"131.243.142.214";2380;524;"TCP"
384;"128.3.183.76";"224.0.1.22";1043;427;"UDP"
385;"131.243.155.152";"128.3.96.230";161;2439;"UDP"
386;"131.243.144.23";"239.255.255.253";51895;427;"UDP"
387;"131.243.93.244";"239.255.255.253";49245;427;"UDP"
388;"128.3.112.228";"239.255.255.253";57225;427;"UDP"
389;"131.243.155.35";"59.223.55.73";1692;80;"TCP"
390;"131.243.61.70";"239.255.255.253";51632;427;"UDP"
391;"131.243.63.143";"239.255.255.253";63491;427;"UDP"
392;"131.243.63.143";"239.255.255.253";63527;427;"UDP"
393;"128.3.191.173";"239.255.255.253";55293;427;"UDP"
394;"131.243.155.227";"128.3.161.22";515;927;"TCP"
395;"131.243.155.227";"128.3.161.22";515;924;"TCP"
396;"131.243.89.16";"239.255.255.253";49938;427;"UDP"
397;"131.243.155.174";"131.243.102.75";1879;139;"TCP"
398;"128.3.161.223";"131.243.155.78";3109;139;"TCP"
399;"128.3.161.223";"131.243.155.78";138;138;"UDP"
400;"131.243.61.187";"239.255.255.253";60968;427;"UDP"
401;"128.3.255.34";"224.0.1.22";1026;427;"UDP"
402;"131.243.94.195";"239.255.255.253";64291;427;"UDP"
403;"131.243.14.90";"239.255.255.253";49612;427;"UDP"
404;"131.243.62.202";"239.255.255.253";54054;427;"UDP"
405;"131.243.155.83";"128.3.210.223";138;138;"UDP"
406;"128.3.112.228";"239.255.255.253";57224;427;"UDP"
407;"131.243.91.224";"239.255.255.253";52502;427;"UDP"
408;"131.243.155.146";"128.3.161.98";1039;524;"TCP"
409;"131.243.155.227";"128.3.161.22";515;760;"TCP"
410;"131.243.60.244";"239.255.255.253";63258;427;"UDP"
411;"131.243.155.33";"128.3.161.165";1026;524;"TCP"
412;"131.243.94.204";"239.255.255.253";50488;427;"UDP"
413;"131.243.155.250";"193.116.32.109";1101;80;"TCP"
414;"131.243.155.113";"128.3.161.46";1715;3396;"TCP"
415;"128.3.161.46";"131.243.155.20";942;515;"TCP"
416;"131.243.103.13";"239.255.255.253";54139;427;"UDP"
417;"204.116.20.141";"131.243.155.125";80;4836;"TCP"
418;"131.243.155.37";"128.3.97.204";123;123;"UDP"
419;"131.243.63.143";"239.255.255.253";63510;427;"UDP"
420;"131.243.208.213";"224.0.1.22";1039;427;"UDP"
421;"131.243.143.66";"224.0.1.22";427;427;"UDP"
422;"128.3.161.46";"131.243.155.240";2137;161;"UDP"
423;"131.243.155.227";"128.3.161.252";515;995;"TCP"
424;"128.3.161.46";"131.243.155.227";2074;161;"UDP"
425;"128.3.211.136";"239.255.255.253";51387;427;"UDP"
426;"128.3.39.162";"239.255.255.253";60444;427;"UDP"
427;"131.243.61.70";"239.255.255.253";51614;427;"UDP"
428;"131.243.60.244";"239.255.255.253";63256;427;"UDP"
429;"131.243.140.105";"224.0.1.22";427;427;"UDP"
430;"128.3.204.24";"239.255.255.253";51959;427;"UDP"
431;"131.243.155.227";"128.3.161.22";515;748;"TCP"
432;"131.243.90.129";"239.255.255.253";58560;427;"UDP"
433;"128.3.161.46";"131.243.155.240";2125;161;"UDP"
434;"131.243.63.143";"239.255.255.253";63555;427;"UDP"
435;"131.243.12.208";"239.255.255.253";49180;427;"UDP"
436;"131.243.155.21";"131.243.105.45";427;49233;"UDP"
437;"128.3.63.240";"239.255.255.253";53920;427;"UDP"
438;"128.3.161.46";"131.243.155.227";2076;161;"UDP"
439;"128.3.4.67";"239.255.255.253";49323;427;"UDP"
440;"131.243.103.13";"239.255.255.253";54232;427;"UDP"
441;"128.3.204.24";"239.255.255.253";51958;427;"UDP"
442;"128.3.161.230";"131.243.155.113";524;1037;"TCP"
443;"131.243.106.253";"239.255.255.253";50797;427;"UDP"
444;"128.3.112.205";"239.255.255.253";53237;427;"UDP"
445;"128.3.161.252";"131.243.155.227";817;515;"TCP"
446;"128.3.191.1";"239.255.255.253";57259;427;"UDP"
447;"128.3.161.98";"131.243.155.37";524;3016;"TCP"
448;"131.243.155.113";"128.3.161.230";1038;524;"TCP"
449;"128.3.188.31";"131.243.155.78";4203;2080;"TCP"
450;"131.243.124.10";"239.255.255.253";50389;427;"UDP"
451;"131.243.155.33";"128.3.161.165";1034;524;"TCP"
452;"131.243.94.204";"239.255.255.253";50487;427;"UDP"
453;"128.3.161.46";"131.243.155.20";943;515;"TCP"
454;"131.243.142.231";"224.0.1.22";427;427;"UDP"
455;"128.3.161.46";"131.243.155.113";3396;1719;"TCP"
456;"128.3.161.46";"131.243.155.113";3396;1718;"TCP"
457;"131.243.144.23";"239.255.255.253";51894;427;"UDP"
458;"131.243.102.75";"131.243.155.174";139;1879;"TCP"
459;"131.243.26.83";"239.255.255.253";64645;427;"UDP"
460;"131.243.103.13";"239.255.255.253";54231;427;"UDP"
461;"128.3.161.98";"131.243.155.174";524;1040;"TCP"
462;"131.243.91.161";"239.255.255.253";51922;427;"UDP"
463;"131.243.63.143";"239.255.255.253";63526;427;"UDP"
464;"131.243.155.78";"128.3.161.223";139;3109;"TCP"
465;"131.243.155.35";"59.223.13.105";1700;80;"TCP"
466;"131.243.155.21";"131.243.146.84";427;50020;"UDP"
467;"131.243.127.24";"239.255.255.253";50292;427;"UDP"
468;"131.243.147.88";"239.255.255.253";50374;427;"UDP"
469;"131.243.61.70";"239.255.255.253";51611;427;"UDP"
470;"131.243.63.39";"239.255.255.253";58885;427;"UDP"
471;"128.3.193.56";"239.255.255.253";49992;427;"UDP"
472;"131.243.142.221";"224.0.1.22";1039;427;"UDP"
473;"131.243.155.83";"128.3.161.223";138;138;"UDP"
474;"131.243.94.195";"239.255.255.253";64290;427;"UDP"
475;"128.3.191.53";"239.255.255.253";63076;427;"UDP"
476;"128.3.161.46";"131.243.155.227";2077;161;"UDP"
477;"128.3.41.110";"239.255.255.253";50357;427;"UDP"
478;"128.3.208.188";"239.255.255.253";52660;427;"UDP"
479;"131.243.101.150";"239.255.255.253";49466;427;"UDP"
480;"128.3.191.130";"239.255.255.253";59484;427;"UDP"
481;"128.3.161.252";"131.243.155.227";987;515;"TCP"
482;"131.243.155.113";"128.3.161.46";1730;3396;"TCP"
483;"131.243.146.115";"239.255.255.253";51343;427;"UDP"
484;"131.243.155.227";"128.3.161.46";161;2089;"UDP"
485;"128.3.161.22";"131.243.155.227";873;515;"TCP"
486;"131.243.155.83";"128.3.161.230";1033;524;"TCP"
487;"128.3.189.127";"239.255.255.253";51797;427;"UDP"
488;"131.243.103.13";"239.255.255.253";54187;427;"UDP"
489;"131.243.94.204";"239.255.255.253";50494;427;"UDP"
490;"131.243.61.187";"239.255.255.253";60982;427;"UDP"
491;"128.3.209.178";"239.255.255.253";58513;427;"UDP"
492;"128.3.209.68";"239.255.255.253";50452;427;"UDP"
493;"131.243.86.232";"239.255.255.253";64873;427;"UDP"
494;"131.243.155.250";"218.131.115.51";1084;80;"TCP"
495;"131.243.104.196";"239.255.255.253";53486;427;"UDP"
496;"131.243.155.113";"128.3.161.46";1704;3396;"TCP"
497;"128.3.211.102";"239.255.255.253";51181;427;"UDP"
498;"128.3.189.146";"239.255.255.253";49293;427;"UDP"
499;"131.243.140.85";"224.0.1.22";1039;427;"UDP"
500;"131.243.94.204";"239.255.255.253";50512;427;"UDP"
501;"131.243.63.143";"239.255.255.253";63508;427;"UDP"
502;"131.243.61.70";"239.255.255.253";51627;427;"UDP"
503;"131.243.101.150";"239.255.255.253";49467;427;"UDP"
504;"128.3.5.23";"239.255.255.253";49542;427;"UDP"
505;"131.243.63.143";"239.255.255.253";63531;427;"UDP"
506;"131.243.94.195";"239.255.255.253";64295;427;"UDP"
507;"131.243.155.152";"128.3.96.230";161;4438;"UDP"
508;"131.243.63.143";"239.255.255.253";63517;427;"UDP"
509;"131.243.63.143";"239.255.255.253";63519;427;"UDP"
510;"131.243.94.195";"239.255.255.253";64316;427;"UDP"
511;"128.3.161.46";"131.243.155.113";3396;1697;"TCP"
512;"131.243.155.35";"208.201.173.240";1678;80;"TCP"
513;"128.3.161.46";"131.243.155.113";3396;1698;"TCP"
514;"128.3.161.46";"131.243.155.113";3396;1699;"TCP"
515;"131.243.142.67";"224.0.1.22";1040;427;"UDP"
516;"131.243.106.63";"239.255.255.253";51302;427;"UDP"
517;"131.243.144.172";"131.243.155.227";1209;161;"UDP"
518;"131.243.155.21";"128.3.39.162";427;60447;"UDP"
519;"131.243.146.180";"239.255.255.253";54527;427;"UDP"
520;"131.243.155.227";"131.243.144.172";161;1203;"UDP"
521;"128.3.161.46";"131.243.155.240";2130;161;"UDP"
522;"131.243.61.70";"239.255.255.253";51622;427;"UDP"
523;"131.243.103.13";"239.255.255.253";54131;427;"UDP"
524;"131.243.155.21";"131.243.90.129";427;58563;"UDP"
525;"131.243.155.21";"131.243.144.120";427;49298;"UDP"
526;"131.243.155.35";"208.201.173.240";1676;80;"TCP"
527;"131.243.61.187";"239.255.255.253";61020;427;"UDP"
528;"128.3.209.68";"239.255.255.253";50450;427;"UDP"
529;"198.128.26.67";"239.255.255.253";49537;427;"UDP"
530;"128.3.161.165";"131.243.155.146";524;1033;"TCP"
531;"131.243.145.237";"224.0.1.22";1038;427;"UDP"
532;"131.243.103.106";"239.255.255.253";55984;427;"UDP"
533;"131.243.155.227";"128.3.161.252";515;987;"TCP"
534;"170.138.112.62";"131.243.155.35";63895;113;"TCP"
535;"131.243.95.181";"239.255.255.253";50861;427;"UDP"
536;"131.243.63.143";"239.255.255.253";63547;427;"UDP"
537;"128.3.208.188";"239.255.255.253";52696;427;"UDP"
538;"128.3.112.243";"239.255.255.253";53765;427;"UDP"
539;"131.243.147.67";"239.255.255.253";61426;427;"UDP"
540;"131.243.142.153";"224.0.1.22";1039;427;"UDP"
541;"131.243.90.216";"239.255.255.253";59764;427;"UDP"
542;"131.243.155.113";"128.3.161.46";1706;3396;"TCP"
543;"131.243.40.126";"239.255.255.253";62206;427;"UDP"
544;"131.243.155.227";"128.3.161.22";161;1032;"UDP"
545;"131.243.26.223";"224.0.1.22";1040;427;"UDP"
546;"128.3.209.201";"239.255.255.253";51032;427;"UDP"
547;"128.3.161.22";"131.243.155.227";810;515;"TCP"
548;"128.3.193.56";"239.255.255.253";49991;427;"UDP"
549;"128.3.161.22";"131.243.155.227";995;515;"TCP"
550;"131.243.155.113";"128.3.161.46";1728;3396;"TCP"
551;"128.3.161.98";"131.243.155.146";524;1039;"TCP"
552;"131.243.15.92";"239.255.255.253";49556;427;"UDP"
553;"131.243.155.146";"128.3.161.165";1033;524;"TCP"
554;"131.243.155.35";"208.201.173.240";1682;80;"TCP"
555;"128.3.7.204";"239.255.255.253";58371;427;"UDP"
556;"131.243.155.21";"128.3.208.24";427;49374;"UDP"
557;"131.243.155.113";"131.243.219.216";137;137;"UDP"
558;"128.3.161.46";"131.243.155.113";3396;1732;"TCP"
559;"128.3.161.46";"131.243.155.227";2066;161;"UDP"
560;"131.243.94.195";"239.255.255.253";64324;427;"UDP"
561;"131.243.13.111";"239.255.255.253";50617;427;"UDP"
562;"128.3.7.223";"239.255.255.253";55835;427;"UDP"
563;"128.3.210.98";"239.255.255.253";51723;427;"UDP"
564;"131.243.155.146";"131.243.141.187";1040;524;"TCP"
565;"131.243.155.125";"204.116.20.80";4842;443;"TCP"
566;"128.3.161.46";"131.243.155.227";2072;161;"UDP"
567;"131.243.155.113";"128.3.161.46";1731;3396;"TCP"
568;"131.243.155.125";"128.3.164.203";4683;389;"TCP"
569;"131.243.155.125";"131.243.155.255";138;138;"UDP"
570;"131.243.144.120";"239.255.255.253";49298;427;"UDP"
571;"131.243.124.221";"239.255.255.253";63402;427;"UDP"
572;"128.3.208.188";"239.255.255.253";52700;427;"UDP"
573;"131.243.141.187";"239.255.255.253";427;427;"UDP"
574;"128.3.194.175";"224.0.1.60";427;427;"UDP"
575;"131.243.103.106";"239.255.255.253";55986;427;"UDP"
576;"131.243.127.24";"239.255.255.253";50291;427;"UDP"
577;"131.243.62.209";"131.243.155.227";1273;161;"UDP"
578;"131.243.219.216";"131.243.155.83";137;137;"UDP"
579;"128.3.161.22";"131.243.155.227";1032;161;"UDP"
580;"131.243.155.125";"204.116.36.227";4840;80;"TCP"
581;"131.243.13.202";"239.255.255.253";56615;427;"UDP"
582;"131.243.40.126";"239.255.255.253";62203;427;"UDP"
583;"128.3.161.46";"131.243.155.240";2139;161;"UDP"
584;"131.243.61.70";"239.255.255.253";51612;427;"UDP"
585;"131.243.155.113";"128.3.161.46";1700;3396;"TCP"
586;"131.243.155.35";"208.201.173.240";1677;80;"TCP"
587;"131.243.103.106";"239.255.255.253";55975;427;"UDP"
588;"131.243.94.195";"239.255.255.253";64271;427;"UDP"
589;"131.243.155.113";"128.3.161.46";1721;3396;"TCP"
590;"131.243.155.35";"131.243.155.255";138;138;"UDP"
591;"131.243.155.35";"208.201.173.240";1675;80;"TCP"
592;"131.243.26.106";"224.0.1.22";1026;427;"UDP"
593;"131.243.155.174";"131.243.141.187";1032;524;"TCP"
594;"131.243.103.13";"239.255.255.253";54178;427;"UDP"
595;"131.243.219.216";"131.243.155.178";137;137;"UDP"
596;"131.243.61.187";"239.255.255.253";60986;427;"UDP"
597;"131.243.155.35";"170.138.112.62";1666;25;"TCP"
598;"131.243.155.227";"128.3.161.22";515;735;"TCP"
599;"131.243.155.178";"128.3.161.197";138;138;"UDP"
600;"128.3.112.63";"239.255.255.253";54081;427;"UDP"
601;"131.243.155.227";"131.243.62.209";161;1279;"UDP"
602;"131.243.155.227";"131.243.62.209";161;1278;"UDP"
603;"131.243.103.13";"239.255.255.253";54128;427;"UDP"
604;"131.243.155.227";"131.243.62.209";161;1271;"UDP"
605;"131.243.155.227";"131.243.62.209";161;1273;"UDP"
606;"131.243.155.227";"131.243.62.209";161;1275;"UDP"
607;"131.243.155.227";"131.243.62.209";161;1274;"UDP"
608;"131.243.155.227";"131.243.62.209";161;1277;"UDP"
609;"131.243.155.227";"131.243.62.209";161;1276;"UDP"
610;"131.243.142.214";"131.243.155.83";524;2380;"TCP"
611;"131.243.142.214";"224.0.1.22";427;427;"UDP"
612;"128.3.7.204";"239.255.255.253";58372;427;"UDP"
613;"131.243.60.244";"239.255.255.253";63260;427;"UDP"
614;"128.3.161.22";"131.243.155.227";927;515;"TCP"
615;"131.243.155.227";"128.3.161.22";515;826;"TCP"
616;"128.3.161.46";"131.243.155.240";2142;161;"UDP"
617;"128.3.242.248";"239.255.255.253";50492;427;"UDP"
618;"131.243.61.187";"239.255.255.253";61006;427;"UDP"
619;"128.3.6.162";"239.255.255.253";51775;427;"UDP"
620;"131.243.146.84";"239.255.255.253";50018;427;"UDP"
621;"131.243.155.125";"206.23.215.103";3367;80;"TCP"
622;"131.243.94.195";"239.255.255.253";64272;427;"UDP"
623;"131.243.142.8";"224.0.1.22";1040;427;"UDP"
624;"131.243.155.35";"170.138.112.62";1668;25;"TCP"
625;"131.243.155.113";"131.243.141.187";1048;524;"TCP"
626;"131.243.61.70";"239.255.255.253";51623;427;"UDP"
627;"128.3.161.62";"131.243.155.37";1056;2967;"UDP"
628;"131.243.91.149";"239.255.255.253";49454;427;"UDP"
629;"131.243.155.113";"128.3.210.223";138;138;"UDP"
630;"131.243.155.113";"128.3.161.46";1701;3396;"TCP"
631;"128.3.161.252";"131.243.155.227";1031;161;"UDP"
632;"131.243.105.204";"239.255.255.253";49170;427;"UDP"
633;"128.3.161.46";"131.243.155.227";2081;161;"UDP"
634;"131.243.140.206";"224.0.1.22";1042;427;"UDP"
635;"131.243.103.13";"239.255.255.253";54179;427;"UDP"
636;"128.3.96.230";"131.243.155.152";2732;161;"UDP"
637;"128.3.208.188";"239.255.255.253";52698;427;"UDP"
638;"131.243.155.78";"128.3.161.223";138;138;"UDP"
639;"131.243.155.178";"131.243.219.216";137;137;"UDP"
640;"131.243.103.13";"239.255.255.253";54167;427;"UDP"
641;"131.243.155.250";"208.189.202.205";1107;80;"TCP"
642;"131.243.141.187";"131.243.155.174";524;1032;"TCP"
643;"128.3.161.46";"131.243.155.227";2075;161;"UDP"
644;"131.243.155.113";"128.3.161.46";1726;3396;"TCP"
645;"128.3.161.46";"131.243.155.113";3396;1708;"TCP"
646;"128.3.7.204";"239.255.255.253";58370;427;"UDP"
647;"131.243.155.35";"208.201.173.240";1674;80;"TCP"
648;"131.243.61.187";"239.255.255.253";60956;427;"UDP"
649;"131.243.144.171";"239.255.255.253";54064;427;"UDP"
650;"131.243.155.113";"128.3.161.230";1037;524;"TCP"
651;"131.243.142.173";"224.0.1.22";1039;427;"UDP"
652;"131.243.144.23";"239.255.255.253";51897;427;"UDP"
653;"128.3.161.46";"131.243.155.113";3396;1728;"TCP"
654;"131.243.143.231";"239.255.255.253";49726;427;"UDP"
655;"131.243.155.113";"128.3.161.46";1732;3396;"TCP"
656;"128.3.211.215";"239.255.255.253";55667;427;"UDP"
657;"131.243.88.128";"239.255.255.253";51699;427;"UDP"
658;"128.3.18.120";"224.0.1.22";1026;427;"UDP"
659;"131.243.94.195";"239.255.255.253";64315;427;"UDP"
660;"131.243.84.27";"239.255.255.253";64256;427;"UDP"
661;"128.3.161.46";"131.243.155.227";2065;161;"UDP"
662;"131.243.155.113";"128.3.164.191";1448;5730;"TCP"
663;"131.243.155.152";"128.3.96.230";161;3542;"UDP"
664;"131.243.89.237";"239.255.255.253";50205;427;"UDP"
665;"128.3.7.122";"239.255.255.253";55209;427;"UDP"
666;"128.3.194.177";"239.255.255.253";50473;427;"UDP"
667;"128.3.161.22";"131.243.155.227";760;515;"TCP"
668;"131.243.103.13";"239.255.255.253";54134;427;"UDP"
669;"131.243.144.172";"131.243.155.227";1208;161;"UDP"
670;"128.3.161.62";"131.243.155.174";1056;2967;"UDP"
671;"131.243.155.125";"204.116.20.141";4836;80;"TCP"
672;"131.243.103.13";"239.255.255.253";54210;427;"UDP"
673;"128.3.209.68";"239.255.255.253";50451;427;"UDP"
674;"131.243.155.113";"128.3.161.46";1733;3396;"TCP"
675;"131.243.15.9";"239.255.255.253";49767;427;"UDP"
676;"128.3.96.230";"131.243.155.152";2439;161;"UDP"
677;"131.243.232.19";"239.255.255.253";49824;427;"UDP"
678;"128.3.161.46";"131.243.155.227";2071;161;"UDP"
679;"131.243.94.195";"239.255.255.253";64292;427;"UDP"
680;"128.3.211.136";"239.255.255.253";51388;427;"UDP"
681;"131.243.94.195";"239.255.255.253";64314;427;"UDP"
682;"128.3.161.46";"131.243.155.240";2144;161;"UDP"
683;"128.3.161.46";"131.243.155.227";2086;161;"UDP"
684;"131.243.106.30";"239.255.255.253";50288;427;"UDP"
685;"131.243.143.66";"239.255.255.253";427;427;"UDP"
686;"131.243.94.204";"239.255.255.253";50503;427;"UDP"
687;"204.116.20.80";"131.243.155.125";443;4842;"TCP"
688;"128.3.161.74";"131.243.155.37";524;3010;"TCP"
689;"131.243.141.94";"224.0.1.22";1038;427;"UDP"
690;"128.3.209.178";"239.255.255.253";58512;427;"UDP"
691;"128.3.210.223";"131.243.155.125";138;138;"UDP"
692;"128.3.255.147";"224.0.1.22";427;427;"UDP"
693;"131.243.103.106";"239.255.255.253";55976;427;"UDP"
694;"131.243.155.37";"131.243.219.216";137;137;"UDP"
695;"128.3.7.12";"239.255.255.253";49744;427;"UDP"
696;"131.243.103.13";"239.255.255.253";54213;427;"UDP"
697;"131.243.155.125";"131.243.219.216";137;137;"UDP"
698;"131.243.103.13";"239.255.255.253";54208;427;"UDP"
699;"128.3.161.46";"131.243.155.240";2135;161;"UDP"
700;"128.3.164.194";"131.243.155.146";993;1080;"TCP"
701;"131.243.91.224";"239.255.255.253";52499;427;"UDP"
702;"131.243.155.21";"239.255.255.253";49430;427;"UDP"
703;"128.3.4.200";"239.255.255.253";49153;427;"UDP"
704;"128.3.161.98";"131.243.155.178";524;2810;"TCP"
705;"131.243.141.124";"239.255.255.253";427;427;"UDP"
706;"128.3.194.105";"239.255.255.253";50008;427;"UDP"
707;"131.243.146.84";"239.255.255.253";50019;427;"UDP"
708;"131.243.143.179";"224.0.1.22";1052;427;"UDP"
709;"170.138.112.62";"131.243.155.35";63893;113;"TCP"
710;"128.3.194.200";"239.255.255.253";57307;427;"UDP"
711;"131.243.94.204";"239.255.255.253";50473;427;"UDP"
712;"131.243.104.196";"239.255.255.253";53489;427;"UDP"
713;"131.243.155.227";"128.3.161.252";515;825;"TCP"
714;"131.243.101.177";"239.255.255.253";53876;427;"UDP"
715;"131.243.61.187";"239.255.255.253";60989;427;"UDP"
716;"128.3.255.147";"239.255.255.253";427;427;"UDP"
717;"131.243.61.70";"239.255.255.253";51600;427;"UDP"
718;"131.243.103.106";"239.255.255.253";55985;427;"UDP"
719;"131.243.62.209";"131.243.155.227";1274;161;"UDP"
720;"131.243.155.21";"131.243.146.115";427;51343;"UDP"
721;"131.243.144.23";"239.255.255.253";51896;427;"UDP"
722;"128.3.161.22";"131.243.155.227";735;515;"TCP"
723;"131.243.103.106";"239.255.255.253";55983;427;"UDP"
724;"131.243.94.195";"239.255.255.253";64289;427;"UDP"
725;"131.243.219.216";"131.243.155.125";137;137;"UDP"
726;"128.3.112.36";"239.255.255.253";53423;427;"UDP"
727;"131.243.155.35";"170.138.112.37";1669;993;"TCP"
728;"131.243.90.129";"239.255.255.253";58556;427;"UDP"
729;"131.243.103.13";"239.255.255.253";54130;427;"UDP"
730;"131.243.155.78";"131.243.155.255";138;138;"UDP"
731;"131.243.146.218";"239.255.255.253";63634;427;"UDP"
732;"131.243.84.27";"239.255.255.253";64257;427;"UDP"
733;"131.243.103.13";"239.255.255.253";54169;427;"UDP"
734;"131.243.155.21";"128.3.6.162";427;51776;"UDP"
735;"131.243.61.187";"239.255.255.253";60996;427;"UDP"
736;"128.3.37.195";"239.255.255.253";55793;427;"UDP"
737;"213.221.231.81";"131.243.155.152";3627;1026;"UDP"
738;"131.243.101.177";"239.255.255.253";53875;427;"UDP"
739;"131.243.155.178";"128.3.161.197";123;123;"UDP"
740;"131.243.61.70";"239.255.255.253";51628;427;"UDP"
741;"131.243.253.92";"131.243.155.83";1031;38293;"UDP"
742;"131.243.61.187";"239.255.255.253";61012;427;"UDP"
743;"131.243.107.179";"224.0.1.22";1039;427;"UDP"
744;"128.3.161.74";"131.243.155.146";524;1036;"TCP"
745;"131.243.144.223";"239.255.255.253";54700;427;"UDP"
746;"131.243.95.181";"239.255.255.253";50862;427;"UDP"
747;"131.243.155.250";"118.188.34.111";1106;80;"TCP"
748;"131.243.94.195";"239.255.255.253";64326;427;"UDP"
749;"128.3.209.27";"239.255.255.253";50232;427;"UDP"
750;"128.3.183.201";"239.255.255.253";49914;427;"UDP"
751;"131.243.103.13";"239.255.255.253";54150;427;"UDP"
752;"131.243.61.187";"239.255.255.253";60964;427;"UDP"
753;"131.243.155.35";"207.235.214.252";1689;80;"TCP"
754;"204.116.20.80";"131.243.155.125";80;4838;"TCP"
755;"131.243.14.250";"239.255.255.253";58393;427;"UDP"
756;"128.3.161.230";"131.243.155.83";524;1032;"TCP"
757;"128.3.161.230";"131.243.155.83";524;1033;"TCP"
758;"131.243.94.195";"239.255.255.253";64308;427;"UDP"
759;"131.243.90.52";"239.255.255.253";52109;427;"UDP"
760;"128.3.161.22";"131.243.155.227";999;515;"TCP"
761;"131.243.85.54";"224.0.1.22";427;427;"UDP"
762;"128.3.161.46";"131.243.155.227";2078;161;"UDP"
763;"131.243.13.111";"239.255.255.253";50618;427;"UDP"
764;"131.243.219.233";"239.255.255.253";51077;427;"UDP"
765;"131.243.155.227";"128.3.161.22";515;893;"TCP"
766;"131.243.61.187";"239.255.255.253";60972;427;"UDP"
767;"131.243.103.106";"239.255.255.253";55982;427;"UDP"
768;"131.243.155.35";"208.201.173.240";1680;80;"TCP"
769;"59.223.8.114";"131.243.155.35";80;1701;"TCP"
770;"128.3.161.46";"131.243.155.240";2132;161;"UDP"
771;"131.243.144.172";"131.243.155.227";1203;161;"UDP"
772;"128.3.6.206";"239.255.255.253";49278;427;"UDP"
773;"128.3.183.201";"239.255.255.253";49913;427;"UDP"
774;"131.243.61.187";"239.255.255.253";60951;427;"UDP"
775;"131.243.155.21";"131.243.94.204";427;50510;"UDP"
776;"131.243.155.113";"128.3.161.46";1703;3396;"TCP"
777;"128.3.161.197";"131.243.155.178";123;123;"UDP"
778;"131.243.155.113";"128.3.161.46";1699;3396;"TCP"
779;"131.243.155.113";"128.3.161.46";1707;3396;"TCP"
780;"131.243.155.113";"128.55.157.218";138;138;"UDP"
781;"131.243.94.195";"239.255.255.253";64297;427;"UDP"
782;"131.243.94.195";"239.255.255.253";64285;427;"UDP"
783;"131.243.155.146";"128.3.161.74";1036;524;"TCP"
784;"131.243.61.187";"239.255.255.253";61023;427;"UDP"
785;"131.243.88.223";"239.255.255.253";49600;427;"UDP"
786;"131.243.103.106";"239.255.255.253";55987;427;"UDP"
787;"131.243.94.195";"239.255.255.253";64294;427;"UDP"
788;"131.243.61.70";"239.255.255.253";51635;427;"UDP"
789;"131.243.103.106";"239.255.255.253";55978;427;"UDP"
790;"131.243.170.104";"224.0.1.22";1034;427;"UDP"
791;"131.243.155.35";"208.201.173.240";1672;80;"TCP"
792;"208.201.173.240";"131.243.155.35";80;1678;"TCP"
793;"208.201.173.240";"131.243.155.35";80;1679;"TCP"
794;"131.243.141.187";"131.243.155.113";524;1048;"TCP"
795;"208.201.173.240";"131.243.155.35";80;1672;"TCP"
796;"208.201.173.240";"131.243.155.35";80;1673;"TCP"
797;"208.201.173.240";"131.243.155.35";80;1671;"TCP"
798;"208.201.173.240";"131.243.155.35";80;1676;"TCP"
799;"208.201.173.240";"131.243.155.35";80;1677;"TCP"
800;"131.243.155.250";"208.189.202.205";1097;80;"TCP"
801;"208.201.173.240";"131.243.155.35";80;1675;"TCP"
802;"128.3.191.1";"239.255.255.253";57275;427;"UDP"
803;"131.243.103.13";"239.255.255.253";54199;427;"UDP"
804;"128.3.161.98";"131.243.155.113";524;1043;"TCP"
805;"131.243.141.187";"131.243.155.83";524;1045;"TCP"
806;"59.223.8.114";"131.243.155.35";80;1687;"TCP"
807;"131.243.102.51";"224.0.1.22";1040;427;"UDP"
808;"128.3.208.24";"239.255.255.253";49339;427;"UDP"
809;"131.243.155.20";"128.3.161.46";515;944;"TCP"
810;"131.243.94.195";"239.255.255.253";64277;427;"UDP"
811;"131.243.155.20";"128.3.161.46";515;942;"TCP"
812;"131.243.155.20";"128.3.161.46";515;941;"TCP"
813;"131.243.155.20";"128.3.161.46";515;940;"TCP"
814;"128.3.208.31";"131.243.155.37";445;3572;"TCP"
815;"131.243.140.225";"224.0.1.22";1039;427;"UDP"
816;"128.3.161.46";"131.243.155.227";2064;161;"UDP"
817;"128.3.161.252";"131.243.155.227";776;515;"TCP"
818;"131.243.26.83";"239.255.255.253";64627;427;"UDP"
819;"131.243.94.195";"239.255.255.253";64310;427;"UDP"
820;"128.3.211.102";"239.255.255.253";51180;427;"UDP"
821;"128.3.164.194";"131.243.155.33";993;1147;"TCP"
822;"131.243.61.70";"239.255.255.253";51633;427;"UDP"
823;"131.243.107.209";"239.255.255.253";49722;427;"UDP"
824;"128.3.161.22";"131.243.155.227";893;515;"TCP"
825;"131.243.61.187";"239.255.255.253";60954;427;"UDP"
826;"208.189.202.205";"131.243.155.250";80;1107;"TCP"
827;"128.3.188.158";"239.255.255.253";50366;427;"UDP"
828;"208.189.202.205";"131.243.155.250";80;1102;"TCP"
829;"128.3.96.230";"131.243.155.152";1245;161;"UDP"
830;"131.243.63.143";"239.255.255.253";63488;427;"UDP"
831;"59.223.55.73";"131.243.155.35";80;1691;"TCP"
832;"59.223.55.73";"131.243.155.35";80;1692;"TCP"
833;"131.243.13.111";"239.255.255.253";50621;427;"UDP"
834;"131.243.140.252";"224.0.1.22";1036;427;"UDP"
835;"131.243.94.195";"239.255.255.253";64304;427;"UDP"
836;"128.3.161.165";"131.243.155.33";524;1026;"TCP"
837;"131.243.94.120";"224.0.1.22";427;427;"UDP"
838;"131.243.155.35";"59.223.13.123";1695;80;"TCP"
839;"131.243.94.195";"239.255.255.253";64278;427;"UDP"
840;"131.243.155.78";"128.3.161.223";3474;139;"TCP"
841;"131.243.61.70";"239.255.255.253";51598;427;"UDP"
842;"131.243.103.106";"239.255.255.253";55992;427;"UDP"
843;"131.243.147.72";"239.255.255.253";49828;427;"UDP"
844;"128.3.164.194";"131.243.155.174";993;1082;"TCP"
845;"128.3.211.136";"239.255.255.253";51376;427;"UDP"
846;"131.243.103.13";"239.255.255.253";54224;427;"UDP"
847;"131.243.63.143";"239.255.255.253";63545;427;"UDP"
848;"131.243.61.187";"239.255.255.253";60955;427;"UDP"
849;"128.3.161.98";"131.243.155.83";524;1039;"TCP"
850;"128.3.208.24";"239.255.255.253";49375;427;"UDP"
851;"131.243.155.83";"128.3.161.230";1032;524;"TCP"
852;"131.243.103.13";"239.255.255.253";54137;427;"UDP"
853;"131.243.61.70";"239.255.255.253";51625;427;"UDP"
854;"131.243.101.177";"239.255.255.253";53881;427;"UDP"
855;"131.243.155.28";"198.125.133.255";138;138;"UDP"
856;"128.3.188.70";"239.255.255.253";49162;427;"UDP"
857;"128.3.242.214";"239.255.255.253";49435;427;"UDP"
858;"131.243.124.221";"239.255.255.253";63401;427;"UDP"
859;"131.243.61.70";"239.255.255.253";51615;427;"UDP"
860;"131.243.141.210";"224.0.1.22";1039;427;"UDP"
861;"131.243.89.80";"239.255.255.253";64298;427;"UDP"
862;"131.243.103.13";"239.255.255.253";54216;427;"UDP"
863;"131.243.170.252";"239.255.255.253";49521;427;"UDP"
864;"131.243.155.113";"128.3.161.46";1710;3396;"TCP"
865;"131.243.155.227";"128.3.161.46";161;2064;"UDP"
866;"131.243.13.111";"239.255.255.253";50616;427;"UDP"
867;"131.243.90.129";"239.255.255.253";58557;427;"UDP"
868;"128.3.161.74";"131.243.155.37";524;3009;"TCP"
869;"131.243.10.188";"239.255.255.253";49202;427;"UDP"
870;"207.235.214.252";"131.243.155.35";80;1689;"TCP"
871;"128.3.188.170";"239.255.255.253";60646;427;"UDP"
872;"131.243.12.246";"239.255.255.253";50928;427;"UDP"
873;"128.3.161.46";"131.243.155.227";2088;161;"UDP"
874;"131.243.95.221";"239.255.255.253";51975;427;"UDP"
875;"128.3.96.230";"131.243.155.152";4618;161;"UDP"
876;"131.243.155.21";"131.243.125.102";427;58801;"UDP"
877;"131.243.93.106";"239.255.255.253";63525;427;"UDP"
878;"131.243.103.13";"239.255.255.253";54202;427;"UDP"
879;"128.3.161.197";"131.243.155.178";139;3522;"TCP"
880;"128.3.7.62";"239.255.255.253";53212;427;"UDP"
881;"128.3.189.146";"239.255.255.253";49295;427;"UDP"
882;"131.243.143.12";"224.0.1.22";1039;427;"UDP"
883;"131.243.141.187";"131.243.155.178";524;2809;"TCP"
884;"131.243.105.73";"239.255.255.253";56042;427;"UDP"
885;"128.3.164.194";"131.243.155.125";993;4639;"TCP"
886;"131.243.155.240";"128.3.161.46";161;2138;"UDP"
887;"131.243.140.105";"131.243.155.174";524;1038;"TCP"
888;"131.243.155.240";"128.3.161.46";161;2135;"UDP"
889;"131.243.155.240";"128.3.161.46";161;2134;"UDP"
890;"131.243.155.240";"128.3.161.46";161;2137;"UDP"
891;"131.243.155.240";"128.3.161.46";161;2136;"UDP"
892;"131.243.155.240";"128.3.161.46";161;2131;"UDP"
893;"131.243.155.240";"128.3.161.46";161;2130;"UDP"
894;"131.243.155.240";"128.3.161.46";161;2133;"UDP"
895;"131.243.155.240";"128.3.161.46";161;2132;"UDP"
896;"128.3.161.46";"131.243.155.240";2140;161;"UDP"
897;"128.3.39.69";"239.255.255.253";50543;427;"UDP"
898;"128.3.188.31";"131.243.155.78";4191;139;"TCP"
899;"131.243.253.92";"131.243.155.125";1031;38293;"UDP"
900;"131.243.155.227";"131.243.144.172";161;1204;"UDP"
901;"131.243.155.250";"193.116.32.109";1103;80;"TCP"
902;"131.243.94.195";"239.255.255.253";64270;427;"UDP"
903;"131.243.142.168";"224.0.1.22";1040;427;"UDP"
904;"131.243.147.67";"239.255.255.253";61427;427;"UDP"
905;"131.243.155.227";"131.243.144.172";161;1206;"UDP"
906;"118.188.34.111";"131.243.155.250";80;1106;"TCP"
907;"128.3.191.245";"239.255.255.253";49243;427;"UDP"
908;"118.188.34.111";"131.243.155.250";80;1105;"TCP"
909;"131.243.103.106";"239.255.255.253";55980;427;"UDP"
910;"128.3.210.223";"131.243.155.113";138;138;"UDP"
911;"131.243.103.13";"239.255.255.253";54194;427;"UDP"
912;"131.243.94.204";"239.255.255.253";50510;427;"UDP"
913;"131.243.155.146";"128.3.164.194";1080;993;"TCP"
914;"128.3.161.46";"131.243.155.227";2089;161;"UDP"
915;"128.3.242.93";"239.255.255.253";65001;427;"UDP"
916;"131.243.86.103";"239.255.255.253";59390;427;"UDP"
917;"131.243.103.13";"239.255.255.253";54186;427;"UDP"
918;"131.243.94.195";"239.255.255.253";64318;427;"UDP"
919;"131.243.253.92";"131.243.155.113";1031;38293;"UDP"
920;"128.3.161.46";"131.243.155.240";2134;161;"UDP"
921;"128.3.161.182";"131.243.155.83";138;138;"UDP"
922;"131.243.155.250";"128.3.161.74";1026;524;"TCP"
923;"131.243.86.103";"239.255.255.253";59389;427;"UDP"
924;"128.3.96.230";"131.243.155.152";1990;161;"UDP"
925;"131.243.61.70";"239.255.255.253";51595;427;"UDP"
926;"131.243.155.21";"131.243.94.204";427;50512;"UDP"
927;"128.3.242.4";"239.255.255.253";50571;427;"UDP"
928;"128.3.161.223";"131.243.155.125";138;138;"UDP"
929;"128.3.7.12";"239.255.255.253";49745;427;"UDP"
930;"131.243.125.102";"239.255.255.253";58800;427;"UDP"
931;"131.243.155.227";"224.0.1.60";427;427;"UDP"
932;"131.243.144.172";"131.243.155.227";1202;161;"UDP"
933;"131.243.155.113";"128.3.161.46";1719;3396;"TCP"
934;"128.3.161.46";"131.243.155.240";2133;161;"UDP"
935;"131.243.155.227";"128.3.161.22";515;810;"TCP"
936;"131.243.141.124";"224.0.1.22";427;427;"UDP"
937;"131.243.106.63";"239.255.255.253";51301;427;"UDP"
938;"131.243.155.240";"128.3.161.46";161;2144;"UDP"
939;"128.3.208.160";"239.255.255.253";54678;427;"UDP"
940;"131.243.155.37";"204.116.100.64";123;123;"UDP"
941;"131.243.140.86";"239.255.255.253";427;427;"UDP"
942;"131.243.170.227";"224.0.1.22";1040;427;"UDP"
943;"131.243.63.143";"239.255.255.253";63512;427;"UDP"
944;"128.3.188.158";"239.255.255.253";50365;427;"UDP"
945;"131.243.61.187";"239.255.255.253";60933;427;"UDP"
946;"131.243.142.231";"239.255.255.253";427;427;"UDP"
947;"131.243.140.105";"131.243.155.83";524;1043;"TCP"
948;"131.243.155.113";"128.3.161.46";1723;3396;"TCP"
949;"59.223.13.105";"131.243.155.35";80;1700;"TCP"
950;"131.243.94.204";"239.255.255.253";50482;427;"UDP"
951;"131.243.89.80";"239.255.255.253";64295;427;"UDP"
952;"131.243.61.187";"239.255.255.253";60945;427;"UDP"
953;"131.243.155.250";"218.131.115.53";1040;80;"TCP"
954;"131.243.60.244";"239.255.255.253";63261;427;"UDP"
955;"131.243.61.187";"239.255.255.253";60990;427;"UDP"
956;"131.243.253.92";"131.243.155.78";1031;38293;"UDP"
957;"131.243.89.80";"239.255.255.253";64299;427;"UDP"
958;"131.243.91.166";"239.255.255.253";61425;427;"UDP"
959;"128.3.164.15";"131.243.155.146";143;1542;"TCP"
960;"59.223.8.114";"131.243.155.35";80;1698;"TCP"
961;"59.223.8.114";"131.243.155.35";80;1693;"TCP"
962;"131.243.63.143";"239.255.255.253";63552;427;"UDP"
963;"128.3.40.55";"224.0.1.22";1039;427;"UDP"
964;"218.131.115.53";"131.243.155.250";80;1041;"TCP"
965;"218.131.115.53";"131.243.155.250";80;1040;"TCP"
966;"128.3.39.162";"239.255.255.253";60447;427;"UDP"
967;"128.3.161.46";"131.243.155.227";2085;161;"UDP"
968;"131.243.140.238";"224.0.1.22";1040;427;"UDP"
969;"131.243.103.181";"239.255.255.253";50656;427;"UDP"
970;"131.243.12.246";"239.255.255.253";50927;427;"UDP"
971;"128.3.211.136";"239.255.255.253";51369;427;"UDP"
972;"131.243.61.70";"239.255.255.253";51601;427;"UDP"
973;"131.243.14.184";"239.255.255.253";53587;427;"UDP"
974;"218.131.115.53";"131.243.155.250";80;1100;"TCP"
975;"131.243.146.84";"239.255.255.253";50020;427;"UDP"
976;"128.3.161.46";"131.243.155.227";2073;161;"UDP"
977;"131.243.140.96";"224.0.1.22";1040;427;"UDP"
978;"128.3.161.46";"131.243.155.227";2070;161;"UDP"
979;"131.243.93.124";"239.255.255.253";52720;427;"UDP"
980;"131.243.146.230";"239.255.255.253";50180;427;"UDP"
981;"128.3.193.56";"239.255.255.253";49990;427;"UDP"
982;"131.243.61.70";"239.255.255.253";51602;427;"UDP"
983;"131.243.155.113";"128.3.161.46";1698;3396;"TCP"
984;"128.3.161.165";"131.243.155.33";524;1034;"TCP"
985;"131.243.144.120";"239.255.255.253";49296;427;"UDP"
986;"131.243.155.83";"128.3.161.182";138;138;"UDP"
987;"128.3.161.46";"131.243.155.113";3396;1729;"TCP"
988;"128.3.161.46";"131.243.155.113";3396;1720;"TCP"
989;"128.3.161.46";"131.243.155.113";3396;1721;"TCP"
990;"128.3.161.46";"131.243.155.113";3396;1722;"TCP"
991;"128.3.161.46";"131.243.155.113";3396;1723;"TCP"
992;"128.3.161.46";"131.243.155.113";3396;1724;"TCP"
993;"128.3.208.188";"239.255.255.253";52662;427;"UDP"
994;"128.3.161.46";"131.243.155.113";3396;1726;"TCP"
995;"128.3.161.46";"131.243.155.113";3396;1727;"TCP"
996;"131.243.155.227";"128.3.161.46";161;2079;"UDP"
997;"131.243.155.227";"128.3.161.46";161;2078;"UDP"
998;"131.243.92.176";"239.255.255.253";54484;427;"UDP"
999;"131.243.155.113";"128.3.161.46";1729;3396;"TCP"
1000;"131.243.155.227";"128.3.161.46";161;2071;"UDP"
1001;"131.243.155.227";"128.3.161.46";161;2070;"UDP"
1002;"131.243.155.227";"128.3.161.46";161;2073;"UDP"
1003;"131.243.155.227";"128.3.161.46";161;2072;"UDP"
1004;"131.243.155.227";"128.3.161.46";161;2075;"UDP"
1005;"131.243.155.227";"128.3.161.46";161;2074;"UDP"
1006;"128.3.194.88";"239.255.255.253";64198;427;"UDP"
1007;"131.243.155.227";"128.3.161.46";161;2076;"UDP"
1008;"128.3.7.204";"239.255.255.253";58369;427;"UDP"
1009;"131.243.155.152";"128.3.96.230";161;4618;"UDP"
1010;"131.243.103.13";"239.255.255.253";54170;427;"UDP"
1011;"131.243.61.70";"239.255.255.253";51588;427;"UDP"
1012;"131.243.88.34";"239.255.255.253";64843;427;"UDP"
1013;"131.243.107.192";"239.255.255.253";49181;427;"UDP"
1014;"131.243.155.21";"131.243.101.177";427;53881;"UDP"
1015;"131.243.63.143";"239.255.255.253";63482;427;"UDP"
1016;"131.243.63.143";"239.255.255.253";63534;427;"UDP"
1017;"131.243.61.187";"239.255.255.253";60979;427;"UDP"
1018;"131.243.155.37";"128.3.161.62";2967;1056;"UDP"
1019;"128.3.161.46";"131.243.155.240";2127;161;"UDP"
1020;"131.243.106.253";"239.255.255.253";50798;427;"UDP"
1021;"128.3.191.1";"239.255.255.253";57274;427;"UDP"
1022;"131.243.95.135";"239.255.255.253";53216;427;"UDP"
1023;"208.201.173.240";"131.243.155.35";80;1674;"TCP"
1024;"206.23.215.103";"131.243.155.125";80;3367;"TCP"
1025;"131.243.155.113";"128.3.161.223";138;138;"UDP"
1026;"131.243.103.106";"239.255.255.253";55977;427;"UDP"
1027;"131.243.63.143";"239.255.255.253";63513;427;"UDP"
1028;"131.243.103.13";"239.255.255.253";54221;427;"UDP"
1029;"131.243.200.199";"224.0.1.22";1036;427;"UDP"
1030;"128.3.37.195";"239.255.255.253";55792;427;"UDP"
1031;"128.3.208.188";"239.255.255.253";52659;427;"UDP"
1032;"131.243.203.214";"239.255.255.253";52950;427;"UDP"
1033;"131.243.103.13";"239.255.255.253";54159;427;"UDP"
1034;"128.3.211.7";"239.255.255.253";50007;427;"UDP"
1035;"131.243.61.70";"239.255.255.253";51593;427;"UDP"
1036;"131.243.94.204";"239.255.255.253";50465;427;"UDP"
1037;"128.3.161.46";"131.243.155.240";2131;161;"UDP"
1038;"131.243.155.178";"128.3.161.197";3520;445;"TCP"
1039;"207.235.214.252";"131.243.155.35";80;1696;"TCP"
1040;"193.116.32.109";"131.243.155.250";80;1101;"TCP"
1041;"128.3.161.46";"131.243.155.227";2084;161;"UDP"
1042;"193.116.32.109";"131.243.155.250";80;1103;"TCP"
1043;"131.243.60.244";"239.255.255.253";63257;427;"UDP"
1044;"131.243.60.244";"239.255.255.253";63259;427;"UDP"
1045;"131.243.61.70";"239.255.255.253";51604;427;"UDP"
1046;"131.243.155.113";"128.3.161.46";1705;3396;"TCP"
1047;"198.128.26.67";"239.255.255.253";49536;427;"UDP"
1048;"131.243.144.23";"239.255.255.253";51901;427;"UDP"
1049;"131.243.219.194";"239.255.255.253";55519;427;"UDP"
1050;"128.3.193.56";"239.255.255.253";49987;427;"UDP"
1051;"128.3.209.66";"239.255.255.253";49167;427;"UDP"
1052;"131.243.155.240";"128.3.161.46";161;2123;"UDP"
1053;"131.243.155.240";"128.3.161.46";161;2126;"UDP"
1054;"131.243.155.240";"128.3.161.46";161;2127;"UDP"
1055;"131.243.155.240";"128.3.161.46";161;2124;"UDP"
1056;"131.243.155.240";"128.3.161.46";161;2125;"UDP"
1057;"131.243.155.240";"128.3.161.46";161;2128;"UDP"
1058;"131.243.155.240";"128.3.161.46";161;2129;"UDP"
1059;"131.243.63.143";"239.255.255.253";63520;427;"UDP"
1060;"131.243.155.227";"128.3.161.46";161;2077;"UDP"
1061;"131.243.155.20";"128.3.161.46";515;943;"TCP"
1062;"128.3.161.46";"131.243.155.227";2069;161;"UDP"
1063;"131.243.94.204";"239.255.255.253";50463;427;"UDP"
1064;"128.3.242.87";"239.255.255.253";50225;427;"UDP"
1065;"128.3.208.24";"239.255.255.253";49371;427;"UDP"
1066;"131.243.61.70";"239.255.255.253";51603;427;"UDP"
1067;"128.3.147.198";"224.0.1.22";1038;427;"UDP"
1068;"131.243.103.181";"239.255.255.253";50633;427;"UDP"
1069;"131.243.105.73";"239.255.255.253";56041;427;"UDP"
1070;"128.3.112.223";"239.255.255.253";56611;427;"UDP"
1071;"131.243.155.83";"131.243.155.255";138;138;"UDP"
1072;"128.3.161.22";"131.243.155.227";1012;515;"TCP"
1073;"128.3.7.204";"239.255.255.253";58373;427;"UDP"
1074;"131.243.155.227";"128.3.161.22";515;1012;"TCP"
1075;"131.243.61.70";"239.255.255.253";51621;427;"UDP"
1076;"131.243.145.253";"239.255.255.253";51818;427;"UDP"
1077;"131.243.155.35";"170.138.112.62";113;63895;"TCP"
1078;"131.243.42.215";"239.255.255.253";51630;427;"UDP"
1079;"131.243.61.70";"239.255.255.253";51608;427;"UDP"
1080;"131.243.140.151";"224.0.1.22";1040;427;"UDP"
1081;"128.3.208.188";"239.255.255.253";52663;427;"UDP"
1082;"131.243.94.195";"239.255.255.253";64306;427;"UDP"
1083;"131.243.146.180";"239.255.255.253";54533;427;"UDP"
1084;"131.243.63.39";"239.255.255.253";58880;427;"UDP"
1085;"131.243.104.255";"239.255.255.253";53279;427;"UDP"
1086;"131.243.155.113";"128.3.161.46";1727;3396;"TCP"
1087;"131.243.155.35";"59.223.8.114";1698;80;"TCP"
1088;"131.243.61.70";"239.255.255.253";51634;427;"UDP"
1089;"131.243.155.21";"128.3.208.24";427;49339;"UDP"
1090;"131.243.62.209";"131.243.155.227";1276;161;"UDP"
1091;"131.243.155.227";"128.3.161.22";515;961;"TCP"
1092;"59.223.13.123";"131.243.155.35";80;1702;"TCP"
1093;"170.138.112.62";"131.243.155.35";25;1668;"TCP"
1094;"131.243.61.70";"239.255.255.253";51629;427;"UDP"
1095;"131.243.61.70";"239.255.255.253";51626;427;"UDP"
1096;"131.243.63.143";"239.255.255.253";63518;427;"UDP"
1097;"170.138.112.62";"131.243.155.35";25;1666;"TCP"
1098;"128.3.191.8";"239.255.255.253";50728;427;"UDP"
1099;"131.243.94.195";"239.255.255.253";64301;427;"UDP"
1100;"131.243.140.115";"224.0.1.22";1045;427;"UDP"
1101;"128.3.161.46";"131.243.155.20";941;515;"TCP"
1102;"131.243.140.105";"239.255.255.253";427;427;"UDP"
1103;"131.243.155.178";"128.3.161.197";3522;139;"TCP"
1104;"128.3.161.46";"131.243.155.227";2068;161;"UDP"
1105;"131.243.155.152";"128.3.96.230";161;1245;"UDP"
1106;"128.3.164.203";"131.243.155.125";389;4683;"TCP"
1107;"131.243.91.166";"239.255.255.253";61426;427;"UDP"
1108;"131.243.61.70";"239.255.255.253";51618;427;"UDP"
1109;"128.3.161.46";"131.243.155.240";2123;161;"UDP"
1110;"131.243.61.70";"239.255.255.253";51631;427;"UDP"
1111;"131.243.103.13";"239.255.255.253";54144;427;"UDP"
1112;"128.3.6.248";"239.255.255.253";49445;427;"UDP"
1113;"131.243.155.113";"128.3.161.46";1697;3396;"TCP"
1114;"131.243.94.195";"239.255.255.253";64275;427;"UDP"
1115;"131.243.155.250";"118.188.34.111";1105;80;"TCP"
1116;"131.243.155.227";"128.3.161.22";515;873;"TCP"
1117;"131.243.61.70";"239.255.255.253";51606;427;"UDP"
1118;"131.243.106.250";"239.255.255.253";49455;427;"UDP"
1119;"131.243.155.37";"128.3.161.98";3016;524;"TCP"
1120;"128.3.161.46";"131.243.155.240";2124;161;"UDP"
1121;"131.243.103.13";"239.255.255.253";54177;427;"UDP"
1122;"131.243.155.35";"59.223.13.123";1702;80;"TCP"
1123;"128.3.161.46";"131.243.155.250";3396;1095;"TCP"
1124;"128.3.7.204";"239.255.255.253";58368;427;"UDP"
1125;"131.243.15.9";"239.255.255.253";49768;427;"UDP"
1126;"131.243.155.113";"128.3.164.15";1510;993;"TCP"
1127;"131.243.61.70";"239.255.255.253";51620;427;"UDP"
1128;"128.3.161.22";"131.243.155.227";826;515;"TCP"
1129;"131.243.155.21";"131.243.144.171";427;54064;"UDP"
1130;"128.3.161.22";"131.243.155.227";914;515;"TCP"
1131;"131.243.155.178";"128.3.161.98";2810;524;"TCP"
1132;"131.243.155.113";"128.3.161.46";1713;3396;"TCP"
1133;"131.243.61.70";"239.255.255.253";51599;427;"UDP"
1134;"131.243.103.13";"239.255.255.253";54163;427;"UDP"
1135;"131.243.155.125";"128.3.164.194";4639;993;"TCP"
1136;"128.3.161.22";"131.243.155.227";961;515;"TCP"
1137;"128.3.161.22";"131.243.155.227";986;515;"TCP"
1138;"131.243.170.99";"239.255.255.253";59130;427;"UDP"
1139;"131.243.155.113";"128.3.161.46";1716;3396;"TCP"
1140;"131.243.219.194";"239.255.255.253";55534;427;"UDP"
1141;"198.129.89.252";"239.255.255.250";2048;1900;"UDP"
1142;"131.243.94.195";"239.255.255.253";64319;427;"UDP"
1143;"131.243.142.48";"239.255.255.253";51748;427;"UDP"
1144;"131.243.140.65";"224.0.1.22";1040;427;"UDP"
1145;"128.3.208.188";"239.255.255.253";52661;427;"UDP"
1146;"131.243.155.113";"128.3.161.182";138;138;"UDP"
1147;"131.243.142.169";"224.0.1.22";1040;427;"UDP"
1148;"128.3.161.46";"131.243.155.240";2143;161;"UDP"
1149;"128.3.194.88";"239.255.255.253";64199;427;"UDP"
1150;"128.3.161.46";"131.243.155.227";2079;161;"UDP"
1151;"131.243.61.70";"239.255.255.253";51617;427;"UDP"
1152;"128.3.161.223";"131.243.155.78";139;3478;"TCP"
1153;"131.243.89.80";"239.255.255.253";64296;427;"UDP"
1154;"131.243.155.78";"128.3.188.31";2080;4203;"TCP"
1155;"128.3.161.182";"131.243.155.113";138;138;"UDP"
1156;"128.3.161.223";"131.243.155.78";139;3474;"TCP"
1157;"128.3.161.223";"131.243.155.78";139;3477;"TCP"
1158;"131.243.61.70";"239.255.255.253";51619;427;"UDP"
1159;"131.243.87.149";"239.255.255.253";54379;427;"UDP"
1160;"128.3.211.224";"239.255.255.253";49215;427;"UDP"
1161;"131.243.155.33";"128.3.161.98";1035;524;"TCP"
1162;"128.3.191.9";"239.255.255.253";53920;427;"UDP"
1163;"59.223.4.149";"131.243.155.35";80;1685;"TCP"
1164;"128.3.210.36";"239.255.255.253";51009;427;"UDP"
1165;"131.243.89.16";"239.255.255.253";49937;427;"UDP"
1166;"128.3.209.107";"239.255.255.253";51067;427;"UDP"
1167;"131.243.62.202";"239.255.255.253";54069;427;"UDP"
1168;"128.3.242.8";"239.255.255.253";49590;427;"UDP"
1169;"131.243.103.13";"239.255.255.253";54151;427;"UDP"
1170;"131.243.13.111";"239.255.255.253";50620;427;"UDP"
1171;"128.3.161.46";"131.243.155.227";2063;161;"UDP"
1172;"131.243.155.113";"128.3.161.46";1720;3396;"TCP"
1173;"131.243.103.226";"239.255.255.253";49162;427;"UDP"
1174;"128.3.193.56";"239.255.255.253";49989;427;"UDP"
1175;"131.243.105.244";"239.255.255.253";49174;427;"UDP"
1176;"131.243.94.204";"239.255.255.253";50462;427;"UDP"
1177;"131.243.15.9";"239.255.255.253";49766;427;"UDP"
1178;"128.3.161.223";"131.243.155.113";138;138;"UDP"
1179;"128.3.161.22";"131.243.155.227";748;515;"TCP"
1180;"131.243.63.143";"239.255.255.253";63511;427;"UDP"
1181;"131.243.61.187";"239.255.255.253";60991;427;"UDP"
1182;"128.3.161.46";"131.243.155.113";3396;1733;"TCP"
1183;"131.243.155.146";"128.3.164.15";1542;143;"TCP"
1184;"128.3.161.46";"131.243.155.113";3396;1731;"TCP"
1185;"128.3.161.46";"131.243.155.113";3396;1730;"TCP"
1186;"131.243.146.218";"239.255.255.253";63636;427;"UDP"
1187;"131.243.140.86";"224.0.1.22";427;427;"UDP"
1188;"170.138.112.37";"131.243.155.35";993;1669;"TCP"
1189;"131.243.143.65";"224.0.1.22";1038;427;"UDP"
1190;"131.243.155.113";"128.3.161.46";1724;3396;"TCP"
1191;"131.243.155.227";"128.3.161.46";161;2068;"UDP"
1192;"131.243.155.227";"128.3.161.46";161;2069;"UDP"
1193;"131.243.155.227";"128.3.161.46";161;2066;"UDP"
1194;"131.243.95.135";"239.255.255.253";53215;427;"UDP"
1195;"131.243.155.227";"128.3.161.46";161;2065;"UDP"
1196;"131.243.155.227";"128.3.161.46";161;2062;"UDP"
1197;"131.243.155.227";"128.3.161.46";161;2063;"UDP"
1198;"170.138.112.37";"131.243.155.35";993;1665;"TCP"
1199;"131.243.103.13";"239.255.255.253";54181;427;"UDP"
1200;"128.3.112.36";"239.255.255.253";53422;427;"UDP"
1201;"131.243.61.187";"239.255.255.253";61045;427;"UDP"
1202;"128.3.191.9";"239.255.255.253";53918;427;"UDP"
1203;"131.243.219.216";"131.243.155.37";137;137;"UDP"
1204;"131.243.14.90";"239.255.255.253";49611;427;"UDP"
1205;"131.243.94.195";"239.255.255.253";64313;427;"UDP"
1206;"131.243.15.9";"239.255.255.253";49765;427;"UDP"
1207;"131.243.61.187";"239.255.255.253";60932;427;"UDP"
1208;"131.243.155.21";"131.243.146.84";427;50018;"UDP"
1209;"131.243.61.187";"239.255.255.253";60936;427;"UDP"
1210;"131.243.155.250";"128.3.161.46";1095;3396;"TCP"
1211;"131.243.91.14";"239.255.255.253";50790;427;"UDP"
1212;"131.243.84.56";"239.255.255.253";54379;427;"UDP"
1213;"131.243.94.204";"239.255.255.253";50467;427;"UDP"
1214;"128.3.161.46";"131.243.155.250";3396;1096;"TCP"
1215;"131.243.89.80";"239.255.255.253";64294;427;"UDP"
1216;"128.3.7.66";"239.255.255.253";51020;427;"UDP"
1217;"131.243.61.70";"239.255.255.253";51613;427;"UDP"
1218;"131.243.140.191";"224.0.1.22";1038;427;"UDP"
1219;"131.243.141.187";"131.243.155.146";524;1040;"TCP"
1220;"128.3.112.162";"239.255.255.253";58881;427;"UDP"
1221;"131.243.63.143";"239.255.255.253";63498;427;"UDP"
1222;"128.3.161.252";"131.243.155.227";825;515;"TCP"
1223;"131.243.61.70";"239.255.255.253";51630;427;"UDP"
1224;"131.243.253.92";"131.243.155.21";1031;38293;"UDP"
1225;"128.3.161.46";"131.243.155.20";939;515;"TCP"
1226;"131.243.155.113";"128.3.161.46";1722;3396;"TCP"
1227;"131.243.125.102";"239.255.255.253";58801;427;"UDP"
1228;"131.243.94.204";"239.255.255.253";50466;427;"UDP"
1229;"128.3.191.71";"239.255.255.253";50824;427;"UDP"
1230;"131.243.155.125";"128.3.161.223";138;138;"UDP"
1231;"131.243.94.195";"239.255.255.253";64300;427;"UDP"
1232;"131.243.144.172";"131.243.155.227";1207;161;"UDP"
1233;"131.243.61.70";"239.255.255.253";51637;427;"UDP"
1234;"128.3.71.61";"239.255.255.253";49731;427;"UDP"
1235;"131.243.253.92";"131.243.155.146";1031;38293;"UDP"
1236;"128.3.164.191";"131.243.155.113";5730;1448;"TCP"
1237;"128.3.6.221";"239.255.255.253";50604;427;"UDP"
1238;"131.243.103.182";"239.255.255.253";49457;427;"UDP"
1239;"131.243.140.148";"224.0.1.22";1038;427;"UDP"
1240;"131.243.103.13";"239.255.255.253";54174;427;"UDP"
1241;"131.243.61.187";"239.255.255.253";61026;427;"UDP"
1242;"131.243.94.204";"239.255.255.253";50472;427;"UDP"
1243;"131.243.219.179";"239.255.255.253";50134;427;"UDP"
1244;"131.243.155.37";"128.3.161.74";3009;524;"TCP"
1245;"131.243.88.223";"239.255.255.253";49601;427;"UDP"
1246;"131.243.155.35";"59.223.4.149";1697;80;"TCP"
1247;"128.3.48.113";"239.255.255.253";50498;427;"UDP"
1248;"131.243.155.37";"128.3.161.74";3010;524;"TCP"
1249;"131.243.61.70";"239.255.255.253";51591;427;"UDP"
